{
  "project_info": {
    "project_number": "434848140799",
    "project_id": "movimentamaps",
    "storage_bucket": "movimentamaps.appspot.com"
  },
  "client": [
    {
      "client_info": {
        "mobilesdk_app_id": "1:434848140799:android:e84bf4d069761c6f122bca",
        "android_client_info": {
          "package_name": "com.example.movimentamaps"
        }
      },
      "oauth_client": [],
      "api_key": [
        {
          "current_key": "AIzaSyCHtwS-rKqAXDhcflmm8At26uU7CL0Abbc"
        }
      ],
      "services": {
        "appinvite_service": {
          "other_platform_oauth_client": []
        }
      }
    }
  ],
  "configuration_version": "1"
}